Provinsi_Asal,Provinsi_Tujuan,lag_hari,p_value_raw,kontrol,n_observasi,jenis_pasangan,p_value_terkoreksi,signifikan
Sumatera Utara,Aceh,1,0.5365332204684617,dengan_kontrol,574,distribusi,0.5863751043371166,False
Sumatera Utara,Aceh,3,0.5729830417018043,dengan_kontrol,574,distribusi,0.6194411261641126,False
Sumatera Utara,Aceh,7,0.39988359540513113,dengan_kontrol,574,distribusi,0.4663365544083162,False
Sumatera Utara,Aceh,14,0.785491199406314,dengan_kontrol,574,distribusi,0.8056319993910912,False
Jawa Timur,Bali,1,0.00033919857647669995,dengan_kontrol,574,distribusi,0.000953807865018989,True
Jawa Timur,Bali,3,0.005428320923529269,dengan_kontrol,574,distribusi,0.011135017279034399,True
Jawa Timur,Bali,7,0.01991512005232723,dengan_kontrol,574,distribusi,0.0344850563676662,True
Jawa Timur,Bali,14,0.07527204742940051,dengan_kontrol,574,distribusi,0.10948661444276438,False
Nusa Tenggara Barat,Bali,1,0.09524781999072339,dengan_kontrol,574,distribusi,0.13366088635943404,False
Nusa Tenggara Barat,Bali,3,0.17579178655730193,dengan_kontrol,574,distribusi,0.22537408532987427,False
Nusa Tenggara Barat,Bali,7,0.4716358564552998,dengan_kontrol,574,distribusi,0.5314206833299153,False
Nusa Tenggara Barat,Bali,14,0.801198229337554,dengan_kontrol,574,distribusi,0.8154689357125231,False
DKI Jakarta,Banten,1,0.6176310590967947,dengan_kontrol,574,distribusi,0.6623389373692169,False
DKI Jakarta,Banten,3,0.6580035512901707,dengan_kontrol,574,distribusi,0.6908173766825939,False
DKI Jakarta,Banten,7,0.8648985302207507,dengan_kontrol,574,distribusi,0.8736348790108593,False
DKI Jakarta,Banten,14,0.3605751567135749,dengan_kontrol,574,distribusi,0.42837268418365754,False
Jawa Barat,Banten,1,0.0926760428132808,dengan_kontrol,574,distribusi,0.13145537987699404,False
Jawa Barat,Banten,3,0.12186430702851145,dengan_kontrol,574,distribusi,0.16468149598447493,False
Jawa Barat,Banten,7,0.23526195125867685,dengan_kontrol,574,distribusi,0.2931613099796596,False
Jawa Barat,Banten,14,0.4939406282589933,dengan_kontrol,574,distribusi,0.5518889701217803,False
Jawa Tengah,Banten,1,0.32975976110924476,dengan_kontrol,574,distribusi,0.39610782115224596,False
Jawa Tengah,Banten,3,0.36513253357949604,dengan_kontrol,574,distribusi,0.43083484788141124,False
Jawa Tengah,Banten,7,0.27972400302918404,dengan_kontrol,574,distribusi,0.34008997328776175,False
Jawa Tengah,Banten,14,0.5207565406513992,dengan_kontrol,574,distribusi,0.5706920993439991,False
Jawa Tengah,DI Yogyakarta,1,9.21440173159052e-12,dengan_kontrol,574,distribusi,1.8428803463181038e-10,True
Jawa Tengah,DI Yogyakarta,3,6.885831764601963e-12,dengan_kontrol,574,distribusi,1.530184836578214e-10,True
Jawa Tengah,DI Yogyakarta,7,1.0439991874023423e-09,dengan_kontrol,574,distribusi,1.3049989842529279e-08,True
Jawa Tengah,DI Yogyakarta,14,9.556978909062879e-11,dengan_kontrol,574,distribusi,1.5928298181771466e-09,True
Jawa Timur,DI Yogyakarta,1,1.5780617666205063e-09,dengan_kontrol,574,distribusi,1.8166466340170382e-08,True
Jawa Timur,DI Yogyakarta,3,4.0046117293442753e-08,dengan_kontrol,574,distribusi,3.1408719445837454e-07,True
Jawa Timur,DI Yogyakarta,7,1.110068391012927e-07,dengan_kontrol,574,distribusi,7.161731554922109e-07,True
Jawa Timur,DI Yogyakarta,14,3.205688441813197e-08,dengan_kontrol,574,distribusi,2.5645507534505574e-07,True
Nusa Tenggara Barat,DI Yogyakarta,1,0.42068180081101914,dengan_kontrol,574,distribusi,0.4879439786964089,False
Nusa Tenggara Barat,DI Yogyakarta,3,0.17272108434466243,dengan_kontrol,574,distribusi,0.22286591528343538,False
Nusa Tenggara Barat,DI Yogyakarta,7,0.04182342192463795,dengan_kontrol,574,distribusi,0.06484251461184178,False
Nusa Tenggara Barat,DI Yogyakarta,14,0.025603583187705566,dengan_kontrol,574,distribusi,0.042672638646175945,True
Sulawesi Selatan,DI Yogyakarta,1,0.031944510158810606,dengan_kontrol,574,distribusi,0.05194229294115546,False
Sulawesi Selatan,DI Yogyakarta,3,0.06274629359599393,dengan_kontrol,574,distribusi,0.09400193797152649,False
Sulawesi Selatan,DI Yogyakarta,7,0.10763248853135596,dengan_kontrol,574,distribusi,0.14744176511144652,False
Sulawesi Selatan,DI Yogyakarta,14,0.1296185326873474,dengan_kontrol,574,distribusi,0.1734027193141771,False
Banten,DKI Jakarta,1,0.5927903666706043,dengan_kontrol,574,distribusi,0.6391270799683064,False
Banten,DKI Jakarta,3,0.6497986221411848,dengan_kontrol,574,distribusi,0.6879544782590857,False
Banten,DKI Jakarta,7,0.3160804460868039,dengan_kontrol,574,distribusi,0.38081981456241437,False
Banten,DKI Jakarta,14,0.6963312642963119,dengan_kontrol,574,distribusi,0.7253450669753249,False
DI Yogyakarta,DKI Jakarta,1,0.654437920707001,dengan_kontrol,574,distribusi,0.6897656939549318,False
DI Yogyakarta,DKI Jakarta,3,0.0027291611523663256,dengan_kontrol,574,distribusi,0.006132946409811968,True
DI Yogyakarta,DKI Jakarta,7,0.011686976033324754,dengan_kontrol,574,distribusi,0.021443992721696795,True
DI Yogyakarta,DKI Jakarta,14,0.0037271381493301785,dengan_kontrol,574,distribusi,0.007972488019957601,True
Jawa Barat,DKI Jakarta,1,3.301688488544464e-10,dengan_kontrol,574,distribusi,4.716697840777805e-09,True
Jawa Barat,DKI Jakarta,3,1.823474943142401e-09,dengan_kontrol,574,distribusi,1.9713242628566498e-08,True
Jawa Barat,DKI Jakarta,7,5.429668983757112e-10,dengan_kontrol,574,distribusi,7.0060244951704675e-09,True
Jawa Barat,DKI Jakarta,14,3.923991926147246e-10,dengan_kontrol,574,distribusi,5.412402656754822e-09,True
Jawa Tengah,DKI Jakarta,1,0.010787673953511835,dengan_kontrol,574,distribusi,0.01992052858851068,True
Jawa Tengah,DKI Jakarta,3,7.418889141677446e-06,dengan_kontrol,574,distribusi,3.225603974642367e-05,True
Jawa Tengah,DKI Jakarta,7,0.00011289080809936963,dengan_kontrol,574,distribusi,0.00036416389709474075,True
Jawa Tengah,DKI Jakarta,14,6.329406203690976e-05,dengan_kontrol,574,distribusi,0.0002109802067896992,True
Jawa Timur,DKI Jakarta,1,0.08406935461820185,dengan_kontrol,574,distribusi,0.12146083273819049,False
Jawa Timur,DKI Jakarta,3,0.005125073243934742,dengan_kontrol,574,distribusi,0.010677235924864047,True
Jawa Timur,DKI Jakarta,7,0.016117910910239217,dengan_kontrol,574,distribusi,0.028654063840425275,True
Jawa Timur,DKI Jakarta,14,0.11234504448511737,dengan_kontrol,574,distribusi,0.15285040066002364,False
Sulawesi Selatan,Gorontalo,1,0.041082501390922455,dengan_kontrol,574,distribusi,0.06394163640610499,False
Sulawesi Selatan,Gorontalo,3,0.08629313169699075,dengan_kontrol,574,distribusi,0.1237177515369043,False
Sulawesi Selatan,Gorontalo,7,0.09556753374699534,dengan_kontrol,574,distribusi,0.13366088635943404,False
Sulawesi Selatan,Gorontalo,14,0.02858985022201086,dengan_kontrol,574,distribusi,0.04725595078018324,True
Jawa Tengah,Jambi,1,0.0010378388471260543,dengan_kontrol,574,distribusi,0.0025784816077665945,True
Jawa Tengah,Jambi,3,0.0003224533756333939,dengan_kontrol,574,distribusi,0.0009147613493145927,True
Jawa Tengah,Jambi,7,2.6236411849543906e-06,dengan_kontrol,574,distribusi,1.2346546752726544e-05,True
Jawa Tengah,Jambi,14,1.2753143348053249e-05,dengan_kontrol,574,distribusi,5.050749840813168e-05,True
Sumatera Barat,Jambi,1,0.02556349679186882,dengan_kontrol,574,distribusi,0.042672638646175945,True
Sumatera Barat,Jambi,3,0.4845385724101309,dengan_kontrol,574,distribusi,0.544425362258574,False
Sumatera Barat,Jambi,7,0.650116981954836,dengan_kontrol,574,distribusi,0.6879544782590857,False
Sumatera Barat,Jambi,14,0.45050279288618567,dengan_kontrol,574,distribusi,0.5148603347270694,False
DI Yogyakarta,Jawa Barat,1,0.15041948195706537,dengan_kontrol,574,distribusi,0.19857357354068036,False
DI Yogyakarta,Jawa Barat,3,0.1263277514832926,dengan_kontrol,574,distribusi,0.1695674516554263,False
DI Yogyakarta,Jawa Barat,7,0.42370682219753275,dengan_kontrol,574,distribusi,0.4884228497954268,False
DI Yogyakarta,Jawa Barat,14,0.13341458758377164,dengan_kontrol,574,distribusi,0.1778861167783622,False
Jawa Tengah,Jawa Barat,1,1.5538936718870893e-07,dengan_kontrol,574,distribusi,9.711835449294308e-07,True
Jawa Tengah,Jawa Barat,3,2.010952442695828e-10,dengan_kontrol,574,distribusi,3.093772988762812e-09,True
Jawa Tengah,Jawa Barat,7,8.160654959512284e-12,dengan_kontrol,574,distribusi,1.7180326230552177e-10,True
Jawa Tengah,Jawa Barat,14,4.465528117945926e-11,dengan_kontrol,574,distribusi,8.119142032628955e-10,True
DI Yogyakarta,Jawa Tengah,1,0.43784322943534115,dengan_kontrol,574,distribusi,0.5018260509287578,False
DI Yogyakarta,Jawa Tengah,3,0.12432183529124645,dengan_kontrol,574,distribusi,0.1674368152070659,False
DI Yogyakarta,Jawa Tengah,7,0.016549159990631418,dengan_kontrol,574,distribusi,0.029290548655984815,True
DI Yogyakarta,Jawa Tengah,14,0.07088210113285569,dengan_kontrol,574,distribusi,0.10423838401890542,False
Jawa Barat,Jawa Tengah,1,7.690689305955376e-16,dengan_kontrol,574,distribusi,3.07627572238215e-14,True
Jawa Barat,Jawa Tengah,3,2.1725154867631496e-12,dengan_kontrol,574,distribusi,5.1118011453250575e-11,True
Jawa Barat,Jawa Tengah,7,1.5876515298614357e-12,dengan_kontrol,574,distribusi,3.969128824653589e-11,True
Jawa Barat,Jawa Tengah,14,1.2111161111751418e-15,dengan_kontrol,574,distribusi,4.4040585860914245e-14,True
Jawa Timur,Jawa Tengah,1,2.078285754103703e-08,dengan_kontrol,574,distribusi,1.7687538332797474e-07,True
Jawa Timur,Jawa Tengah,3,1.0944848422588295e-07,dengan_kontrol,574,distribusi,7.161731554922109e-07,True
Jawa Timur,Jawa Tengah,7,1.2948693920226814e-06,dengan_kontrol,574,distribusi,6.556300719102184e-06,True
Jawa Timur,Jawa Tengah,14,9.385225787515188e-08,dengan_kontrol,574,distribusi,6.472569508631164e-07,True
Nusa Tenggara Barat,Jawa Tengah,1,0.013102200321214891,dengan_kontrol,574,distribusi,0.023564663055480377,True
Nusa Tenggara Barat,Jawa Tengah,3,0.05991709013973408,dengan_kontrol,574,distribusi,0.09060867595409874,False
Nusa Tenggara Barat,Jawa Tengah,7,0.04653640427011062,dengan_kontrol,574,distribusi,0.07104794545055056,False
Nusa Tenggara Barat,Jawa Tengah,14,0.2418772251026262,dengan_kontrol,574,distribusi,0.2988909605890832,False
Bali,Jawa Timur,1,0.010806886759267043,dengan_kontrol,574,distribusi,0.01992052858851068,True
Bali,Jawa Timur,3,0.08411162667119691,dengan_kontrol,574,distribusi,0.12146083273819049,False
Bali,Jawa Timur,7,0.07203203616902717,dengan_kontrol,574,distribusi,0.10515625718106156,False
Bali,Jawa Timur,14,0.2792796826767549,dengan_kontrol,574,distribusi,0.34008997328776175,False
DI Yogyakarta,Jawa Timur,1,0.20216117126824742,dengan_kontrol,574,distribusi,0.2545857053113234,False
DI Yogyakarta,Jawa Timur,3,0.007302409234521405,dengan_kontrol,574,distribusi,0.014318449479453736,True
DI Yogyakarta,Jawa Timur,7,0.1976273196517561,dengan_kontrol,574,distribusi,0.2501611641161469,False
DI Yogyakarta,Jawa Timur,14,0.0569493752699869,dengan_kontrol,574,distribusi,0.08661501942203331,False
Jawa Tengah,Jawa Timur,1,1.154654959228458e-06,dengan_kontrol,574,distribusi,5.921307483222862e-06,True
Jawa Tengah,Jawa Timur,3,2.4532765205163404e-10,dengan_kontrol,574,distribusi,3.634483734098282e-09,True
Jawa Tengah,Jawa Timur,7,4.6448655244100994e-10,dengan_kontrol,574,distribusi,6.193154032546799e-09,True
Jawa Tengah,Jawa Timur,14,1.685007537058545e-09,dengan_kontrol,574,distribusi,1.872230596731717e-08,True
Maluku Utara,Jawa Timur,1,0.6845910739080121,dengan_kontrol,574,distribusi,0.7168492920502745,False
Maluku Utara,Jawa Timur,3,0.7745980527543923,dengan_kontrol,574,distribusi,0.7965018537320229,False
Maluku Utara,Jawa Timur,7,0.45265996124332186,dengan_kontrol,574,distribusi,0.5158518076846973,False
Maluku Utara,Jawa Timur,14,0.001541289750942822,dengan_kontrol,574,distribusi,0.0036480230791546085,True
Nusa Tenggara Barat,Jawa Timur,1,0.01313729965343031,dengan_kontrol,574,distribusi,0.023564663055480377,True
Nusa Tenggara Barat,Jawa Timur,3,0.0012770786991955865,dengan_kontrol,574,distribusi,0.003077298070350811,True
Nusa Tenggara Barat,Jawa Timur,7,0.006559995101467401,dengan_kontrol,574,distribusi,0.013054716619835626,True
Nusa Tenggara Barat,Jawa Timur,14,0.010118438178798012,dengan_kontrol,574,distribusi,0.019001761838118334,True
Sulawesi Selatan,Jawa Timur,1,0.06721920357122965,dengan_kontrol,574,distribusi,0.09958400529071058,False
Sulawesi Selatan,Jawa Timur,3,0.0031081953819433613,dengan_kontrol,574,distribusi,0.006756946482485568,True
Sulawesi Selatan,Jawa Timur,7,0.042393239845126426,dengan_kontrol,574,distribusi,0.06522036899250219,False
Sulawesi Selatan,Jawa Timur,14,0.10535097683646877,dengan_kontrol,574,distribusi,0.14481233929411513,False
Jawa Barat,Kalimantan Barat,1,0.061039442763503426,dengan_kontrol,574,distribusi,0.09178863573459162,False
Jawa Barat,Kalimantan Barat,3,8.46840749900636e-05,dengan_kontrol,574,distribusi,0.0002799473553390532,True
Jawa Barat,Kalimantan Barat,7,3.4726832188220986e-07,dengan_kontrol,574,distribusi,2.042754834601234e-06,True
Jawa Barat,Kalimantan Barat,14,2.1405539135348813e-06,dengan_kontrol,574,distribusi,1.0193113873975625e-05,True
Jawa Tengah,Kalimantan Barat,1,0.6268000634989446,dengan_kontrol,574,distribusi,0.6685867343988742,False
Jawa Tengah,Kalimantan Barat,3,0.12040759270513983,dengan_kontrol,574,distribusi,0.16326453248154552,False
Jawa Tengah,Kalimantan Barat,7,0.003011963636025457,dengan_kontrol,574,distribusi,0.00665627322878554,True
Jawa Tengah,Kalimantan Barat,14,0.005226798839266871,dengan_kontrol,574,distribusi,0.010776904823230661,True
Jawa Timur,Kalimantan Barat,1,0.03477991942126221,dengan_kontrol,574,distribusi,0.055681200153900864,False
Jawa Timur,Kalimantan Barat,3,0.19126255164879374,dengan_kontrol,574,distribusi,0.2436465626099283,False
Jawa Timur,Kalimantan Barat,7,0.0018471638657224462,dengan_kontrol,574,distribusi,0.004301244695004541,True
Jawa Timur,Kalimantan Barat,14,0.030306072428331984,dengan_kontrol,574,distribusi,0.04968208594808522,True
Kalimantan Tengah,Kalimantan Barat,1,0.003072432413994195,dengan_kontrol,574,distribusi,0.0067290628195510495,True
Kalimantan Tengah,Kalimantan Barat,3,0.02042424801395211,dengan_kontrol,574,distribusi,0.03521422071371053,True
Kalimantan Tengah,Kalimantan Barat,7,0.013303978080583045,dengan_kontrol,574,distribusi,0.023757103715326862,True
Kalimantan Tengah,Kalimantan Barat,14,0.029226761798710907,dengan_kontrol,574,distribusi,0.04810989596495622,True
Jawa Tengah,Kalimantan Selatan,1,3.0839003032829575e-06,dengan_kontrol,574,distribusi,1.4178851969117046e-05,True
Jawa Tengah,Kalimantan Selatan,3,1.3667170986360262e-06,dengan_kontrol,574,distribusi,6.833585493180131e-06,True
Jawa Tengah,Kalimantan Selatan,7,5.1547107626835995e-06,dengan_kontrol,574,distribusi,2.290982561192711e-05,True
Jawa Tengah,Kalimantan Selatan,14,1.4580383494191697e-05,dengan_kontrol,574,distribusi,5.554431807311123e-05,True
Jawa Timur,Kalimantan Selatan,1,2.607500204877329e-05,dengan_kontrol,574,distribusi,9.48181892682665e-05,True
Jawa Timur,Kalimantan Selatan,3,0.0004926523357792005,dengan_kontrol,574,distribusi,0.001305039300077352,True
Jawa Timur,Kalimantan Selatan,7,2.590992878888513e-05,dengan_kontrol,574,distribusi,9.48181892682665e-05,True
Jawa Timur,Kalimantan Selatan,14,2.532733931543201e-05,dengan_kontrol,574,distribusi,9.380496042752596e-05,True
Nusa Tenggara Barat,Kalimantan Selatan,1,0.09373700033621694,dengan_kontrol,574,distribusi,0.1324904598391759,False
Nusa Tenggara Barat,Kalimantan Selatan,3,0.003703551341470864,dengan_kontrol,574,distribusi,0.007964626540797557,True
Nusa Tenggara Barat,Kalimantan Selatan,7,0.00013006516739847522,dengan_kontrol,574,distribusi,0.00041290529332849277,True
Nusa Tenggara Barat,Kalimantan Selatan,14,3.919761962706939e-06,dengan_kontrol,574,distribusi,1.7817099830486084e-05,True
Sulawesi Selatan,Kalimantan Selatan,1,0.03941355893309638,dengan_kontrol,574,distribusi,0.06158368583296309,False
Sulawesi Selatan,Kalimantan Selatan,3,0.110103225882177,dengan_kontrol,574,distribusi,0.1503115711702075,False
Sulawesi Selatan,Kalimantan Selatan,7,0.36301901117477015,dengan_kontrol,574,distribusi,0.4296082972482487,False
Sulawesi Selatan,Kalimantan Selatan,14,0.3425974941049332,dengan_kontrol,574,distribusi,0.409071634752159,False
Jawa Tengah,Kalimantan Tengah,1,0.018013992386821293,dengan_kontrol,574,distribusi,0.031603495415475955,True
Jawa Tengah,Kalimantan Tengah,3,1.3318794543646275e-05,dengan_kontrol,574,distribusi,5.1723473955907865e-05,True
Jawa Tengah,Kalimantan Tengah,7,0.00013606481099200421,dengan_kontrol,574,distribusi,0.00042855058580158805,True
Jawa Tengah,Kalimantan Tengah,14,0.00035214691038442736,dengan_kontrol,574,distribusi,0.0009781858621789648,True
Jawa Timur,Kalimantan Tengah,1,0.3802016090510716,dengan_kontrol,574,distribusi,0.44598429214201946,False
Jawa Timur,Kalimantan Tengah,3,0.0009201951831495377,dengan_kontrol,574,distribusi,0.002300487957873844,True
Jawa Timur,Kalimantan Tengah,7,0.0006024685533935025,dengan_kontrol,574,distribusi,0.001534951728391089,True
Jawa Timur,Kalimantan Tengah,14,0.004297857329256,dengan_kontrol,574,distribusi,0.009000748333520419,True
Kalimantan Selatan,Kalimantan Tengah,1,1.7627892069400888e-15,dengan_kontrol,574,distribusi,5.4239667905848884e-14,True
Kalimantan Selatan,Kalimantan Tengah,3,7.334738757637142e-13,dengan_kontrol,574,distribusi,1.9559303353699047e-11,True
Kalimantan Selatan,Kalimantan Tengah,7,2.888694670281982e-09,dengan_kontrol,574,distribusi,2.962763764391776e-08,True
Kalimantan Selatan,Kalimantan Tengah,14,7.444622863228625e-07,dengan_kontrol,574,distribusi,4.079245404508835e-06,True
Sulawesi Selatan,Kalimantan Tengah,1,0.00418338692666363,dengan_kontrol,574,distribusi,0.008853728945319854,True
Sulawesi Selatan,Kalimantan Tengah,3,0.03723767117857495,dengan_kontrol,574,distribusi,0.05841203322129405,False
Sulawesi Selatan,Kalimantan Tengah,7,0.060028247819590416,dengan_kontrol,574,distribusi,0.09060867595409874,False
Sulawesi Selatan,Kalimantan Tengah,14,0.20807179047655897,dengan_kontrol,574,distribusi,0.2609050664282871,False
Jawa Timur,Kalimantan Timur,1,0.008485607048268968,dengan_kontrol,574,distribusi,0.016240396264629604,True
Jawa Timur,Kalimantan Timur,3,5.129767731643483e-06,dengan_kontrol,574,distribusi,2.290982561192711e-05,True
Jawa Timur,Kalimantan Timur,7,2.1393057318463195e-07,dengan_kontrol,574,distribusi,1.2965489283917087e-06,True
Jawa Timur,Kalimantan Timur,14,1.1581740425303824e-05,dengan_kontrol,574,distribusi,4.7272409899199283e-05,True
Kalimantan Selatan,Kalimantan Timur,1,1.4311465195340052e-06,dengan_kontrol,574,distribusi,7.0673902199210125e-06,True
Kalimantan Selatan,Kalimantan Timur,3,6.4345725498936945e-09,dengan_kontrol,574,distribusi,6.277631755993849e-08,True
Kalimantan Selatan,Kalimantan Timur,7,4.446713615875842e-08,dengan_kontrol,574,distribusi,3.420548935289109e-07,True
Kalimantan Selatan,Kalimantan Timur,14,1.2688259610693285e-05,dengan_kontrol,574,distribusi,5.050749840813168e-05,True
Nusa Tenggara Barat,Kalimantan Timur,1,0.9043880466586321,dengan_kontrol,574,distribusi,0.9066546833670497,False
Nusa Tenggara Barat,Kalimantan Timur,3,0.012142311590594885,dengan_kontrol,574,distribusi,0.02217773806501349,True
Nusa Tenggara Barat,Kalimantan Timur,7,0.003078546239944605,dengan_kontrol,574,distribusi,0.0067290628195510495,True
Nusa Tenggara Barat,Kalimantan Timur,14,0.003881970780099971,dengan_kontrol,574,distribusi,0.008259512298085045,True
Sulawesi Selatan,Kalimantan Timur,1,0.0002596902292733392,dengan_kontrol,574,distribusi,0.0007810232459348548,True
Sulawesi Selatan,Kalimantan Timur,3,4.318990057135981e-05,dengan_kontrol,574,distribusi,0.0001501205737874486,True
Sulawesi Selatan,Kalimantan Timur,7,0.007255665468275423,dengan_kontrol,574,distribusi,0.014296877770000835,True
Sulawesi Selatan,Kalimantan Timur,14,0.03263499184376026,dengan_kontrol,574,distribusi,0.05285018922066438,False
Jawa Timur,Kalimantan Utara,1,0.4894345065160909,dengan_kontrol,574,distribusi,0.5483860016987013,False
Jawa Timur,Kalimantan Utara,3,0.5681217800196819,dengan_kontrol,574,distribusi,0.6158501680430156,False
Jawa Timur,Kalimantan Utara,7,0.019439038067767492,dengan_kontrol,574,distribusi,0.033807022726552165,True
Jawa Timur,Kalimantan Utara,14,0.0029553018256752266,dengan_kontrol,574,distribusi,0.0066040264260898915,True
Kalimantan Timur,Kalimantan Utara,1,0.012795514887675333,dengan_kontrol,574,distribusi,0.02315930296411825,True
Kalimantan Timur,Kalimantan Utara,3,1.0590673236766343e-07,dengan_kontrol,574,distribusi,7.060448824510896e-07,True
Kalimantan Timur,Kalimantan Utara,7,1.126710553080967e-06,dengan_kontrol,574,distribusi,5.8530418341868415e-06,True
Kalimantan Timur,Kalimantan Utara,14,4.982407985137758e-05,dengan_kontrol,574,distribusi,0.00016889518593687317,True
Sulawesi Selatan,Kalimantan Utara,1,0.09754587514315288,dengan_kontrol,574,distribusi,0.1354803821432679,False
Sulawesi Selatan,Kalimantan Utara,3,0.00015467069681641756,dengan_kontrol,574,distribusi,0.0004833459275513049,True
Sulawesi Selatan,Kalimantan Utara,7,0.00044086685469222096,dengan_kontrol,574,distribusi,0.0011915320397087052,True
Sulawesi Selatan,Kalimantan Utara,14,0.0005951151917473305,dengan_kontrol,574,distribusi,0.001525936389095719,True
Sulawesi Utara,Kalimantan Utara,1,0.5082261963809132,dengan_kontrol,574,distribusi,0.5631315195356379,False
Sulawesi Utara,Kalimantan Utara,3,0.010663919842915369,dengan_kontrol,574,distribusi,0.01992052858851068,True
Sulawesi Utara,Kalimantan Utara,7,2.4163042053029172e-08,dengan_kontrol,574,distribusi,2.013586837752431e-07,True
Sulawesi Utara,Kalimantan Utara,14,1.5895658047649084e-09,dengan_kontrol,574,distribusi,1.8166466340170382e-08,True
DKI Jakarta,Kepulauan Bangka Belitung,1,5.140362592472473e-08,dengan_kontrol,574,distribusi,3.738445521798162e-07,True
DKI Jakarta,Kepulauan Bangka Belitung,3,7.966110130977915e-11,dengan_kontrol,574,distribusi,1.3854104575613765e-09,True
DKI Jakarta,Kepulauan Bangka Belitung,7,7.228413121659154e-13,dengan_kontrol,574,distribusi,1.9559303353699047e-11,True
DKI Jakarta,Kepulauan Bangka Belitung,14,1.6919050685788852e-11,dengan_kontrol,574,distribusi,3.222676321102639e-10,True
Jawa Barat,Kepulauan Bangka Belitung,1,1.968471422205695e-05,dengan_kontrol,574,distribusi,7.358771671796991e-05,True
Jawa Barat,Kepulauan Bangka Belitung,3,1.2437368628911331e-33,dengan_kontrol,574,distribusi,1.6583158171881775e-31,True
Jawa Barat,Kepulauan Bangka Belitung,7,8.325459728761268e-34,dengan_kontrol,574,distribusi,1.6583158171881775e-31,True
Jawa Barat,Kepulauan Bangka Belitung,14,1.5853376397142556e-37,dengan_kontrol,574,distribusi,6.341350558857023e-35,True
Jawa Tengah,Kepulauan Bangka Belitung,1,3.0689160978841188e-16,dengan_kontrol,574,distribusi,1.3639627101707194e-14,True
Jawa Tengah,Kepulauan Bangka Belitung,3,3.524606479965953e-20,dengan_kontrol,574,distribusi,2.3497376533106354e-18,True
Jawa Tengah,Kepulauan Bangka Belitung,7,2.1836627127216957e-23,dengan_kontrol,574,distribusi,1.7469301701773564e-21,True
Jawa Tengah,Kepulauan Bangka Belitung,14,1.6304920661900004e-31,dengan_kontrol,574,distribusi,1.6304920661900003e-29,True
Jawa Timur,Kepulauan Bangka Belitung,1,1.4007996527775303e-09,dengan_kontrol,574,distribusi,1.697938973063673e-08,True
Jawa Timur,Kepulauan Bangka Belitung,3,1.4550345729349101e-15,dengan_kontrol,574,distribusi,4.8501152431163675e-14,True
Jawa Timur,Kepulauan Bangka Belitung,7,6.699154270205447e-18,dengan_kontrol,574,distribusi,3.3495771351027236e-16,True
Jawa Timur,Kepulauan Bangka Belitung,14,7.222550314654822e-19,dengan_kontrol,574,distribusi,4.127171608374184e-17,True
Jawa Tengah,Kepulauan Riau,1,0.9491292403840601,dengan_kontrol,574,distribusi,0.9491292403840601,False
Jawa Tengah,Kepulauan Riau,3,0.8926935715008243,dengan_kontrol,574,distribusi,0.8994393667514602,False
Jawa Tengah,Kepulauan Riau,7,0.6925989746623409,dengan_kontrol,574,distribusi,0.7233409657047947,False
Jawa Tengah,Kepulauan Riau,14,0.6552774092571851,dengan_kontrol,574,distribusi,0.6897656939549318,False
Sumatera Utara,Kepulauan Riau,1,0.06359963935908994,dengan_kontrol,574,distribusi,0.09492483486431333,False
Sumatera Utara,Kepulauan Riau,3,0.1646370357890181,dengan_kontrol,574,distribusi,0.21451079581631022,False
Sumatera Utara,Kepulauan Riau,7,0.49766340213230287,dengan_kontrol,574,distribusi,0.5544996124036801,False
Sumatera Utara,Kepulauan Riau,14,0.7174923958472668,dengan_kontrol,574,distribusi,0.7435154361111573,False
DKI Jakarta,Lampung,1,0.02106045113935892,dengan_kontrol,574,distribusi,0.03615528092593806,True
DKI Jakarta,Lampung,3,0.14984043746348966,dengan_kontrol,574,distribusi,0.198464155580781,False
DKI Jakarta,Lampung,7,0.43704497827465005,dengan_kontrol,574,distribusi,0.5018260509287578,False
DKI Jakarta,Lampung,14,0.7403228864678266,dengan_kontrol,574,distribusi,0.7651916139202343,False
Jawa Barat,Lampung,1,5.77662924855483e-09,dengan_kontrol,574,distribusi,5.776629248554829e-08,True
Jawa Barat,Lampung,3,1.5928719577827152e-08,dengan_kontrol,574,distribusi,1.4158861846957469e-07,True
Jawa Barat,Lampung,7,4.979705413701358e-07,dengan_kontrol,574,distribusi,2.8867857470732515e-06,True
Jawa Barat,Lampung,14,1.0166665379692797e-06,dengan_kontrol,574,distribusi,5.422221535836158e-06,True
Jawa Tengah,Lampung,1,1.4871127730187326e-10,dengan_kontrol,574,distribusi,2.379380436829972e-09,True
Jawa Tengah,Lampung,3,1.0784562182304707e-08,dengan_kontrol,574,distribusi,9.804147438458825e-08,True
Jawa Tengah,Lampung,7,7.407382118904013e-08,dengan_kontrol,574,distribusi,5.29098722778858e-07,True
Jawa Tengah,Lampung,14,8.206317719680934e-09,dengan_kontrol,574,distribusi,7.815540685410414e-08,True
Jawa Timur,Lampung,1,1.0522166785081573e-05,dengan_kontrol,574,distribusi,4.3390378495181746e-05,True
Jawa Timur,Lampung,3,8.596932448091593e-06,dengan_kontrol,574,distribusi,3.6488906643848167e-05,True
Jawa Timur,Lampung,7,1.269548293153762e-05,dengan_kontrol,574,distribusi,5.050749840813168e-05,True
Jawa Timur,Lampung,14,1.3202600634737364e-05,dengan_kontrol,574,distribusi,5.1723473955907865e-05,True
Jawa Timur,Maluku,1,0.33363313800158567,dengan_kontrol,574,distribusi,0.39956064431327626,False
Jawa Timur,Maluku,3,0.15312361542099542,dengan_kontrol,574,distribusi,0.20147844134341503,False
Jawa Timur,Maluku,7,0.0005847121468627095,dengan_kontrol,574,distribusi,0.0015089345725489277,True
Jawa Timur,Maluku,14,0.0005160176167067457,dengan_kontrol,574,distribusi,0.0013534946755597455,True
Sulawesi Selatan,Maluku,1,0.02451673751456373,dengan_kontrol,574,distribusi,0.04120460086481299,True
Sulawesi Selatan,Maluku,3,0.0017926438713712464,dengan_kontrol,574,distribusi,0.00421798557969705,True
Sulawesi Selatan,Maluku,7,0.002131383137045331,dengan_kontrol,574,distribusi,0.0048997313495294965,True
Sulawesi Selatan,Maluku,14,0.004276767118161129,dengan_kontrol,574,distribusi,0.009000748333520419,True
Sulawesi Utara,Maluku,1,0.7905010406314094,dengan_kontrol,574,distribusi,0.808696716758475,False
Sulawesi Utara,Maluku,3,0.6139955151115807,dengan_kontrol,574,distribusi,0.6602102313027749,False
Sulawesi Utara,Maluku,7,0.001094705191844282,dengan_kontrol,574,distribusi,0.0027029757823315605,True
Sulawesi Utara,Maluku,14,6.876006665045327e-06,dengan_kontrol,574,distribusi,3.022420512107836e-05,True
Sulawesi Utara,Maluku Utara,1,0.00042623400023895176,dengan_kontrol,574,distribusi,0.0011677643842163063,True
Sulawesi Utara,Maluku Utara,3,1.9721330107806483e-06,dengan_kontrol,574,distribusi,9.50425547364168e-06,True
Sulawesi Utara,Maluku Utara,7,1.0386133699229378e-08,dengan_kontrol,574,distribusi,9.661519720213375e-08,True
Sulawesi Utara,Maluku Utara,14,1.9057977241423488e-08,dengan_kontrol,574,distribusi,1.6572154122976945e-07,True
Jawa Tengah,Nusa Tenggara Barat,1,4.969689411954281e-05,dengan_kontrol,574,distribusi,0.00016889518593687317,True
Jawa Tengah,Nusa Tenggara Barat,3,9.16125819785232e-05,dengan_kontrol,574,distribusi,0.0002979270958651161,True
Jawa Tengah,Nusa Tenggara Barat,7,0.00016139150558337282,dengan_kontrol,574,distribusi,0.0005004387770027064,True
Jawa Tengah,Nusa Tenggara Barat,14,0.0002729954170366092,dengan_kontrol,574,distribusi,0.0008024093608657738,True
Jawa Tengah,Nusa Tenggara Timur,1,0.13408330602904497,dengan_kontrol,574,distribusi,0.1781837953874352,False
Jawa Tengah,Nusa Tenggara Timur,3,0.4208516816256527,dengan_kontrol,574,distribusi,0.4879439786964089,False
Jawa Tengah,Nusa Tenggara Timur,7,0.902562864506905,dengan_kontrol,574,distribusi,0.9066546833670497,False
Jawa Tengah,Nusa Tenggara Timur,14,0.03633498722856318,dengan_kontrol,574,distribusi,0.05736320286754673,False
Nusa Tenggara Barat,Nusa Tenggara Timur,1,0.6365580884434827,dengan_kontrol,574,distribusi,0.6771894557909391,False
Nusa Tenggara Barat,Nusa Tenggara Timur,3,0.42361612726765463,dengan_kontrol,574,distribusi,0.4884228497954268,False
Nusa Tenggara Barat,Nusa Tenggara Timur,7,0.5124130476505553,dengan_kontrol,574,distribusi,0.5662022625972987,False
Nusa Tenggara Barat,Nusa Tenggara Timur,14,0.03642563382089217,dengan_kontrol,574,distribusi,0.05736320286754673,False
Sulawesi Selatan,Nusa Tenggara Timur,1,0.46772210492854105,dengan_kontrol,574,distribusi,0.5284995535915717,False
Sulawesi Selatan,Nusa Tenggara Timur,3,0.24210167807715743,dengan_kontrol,574,distribusi,0.2988909605890832,False
Sulawesi Selatan,Nusa Tenggara Timur,7,0.1693431619979908,dengan_kontrol,574,distribusi,0.2192144491883376,False
Sulawesi Selatan,Nusa Tenggara Timur,14,0.09481395562984483,dengan_kontrol,574,distribusi,0.13354078257724625,False
Jawa Tengah,Papua,1,0.5466171750553757,dengan_kontrol,574,distribusi,0.5957680382074939,False
Jawa Tengah,Papua,3,0.023932399345724716,dengan_kontrol,574,distribusi,0.04056338872156732,True
Jawa Tengah,Papua,7,3.557636644427281e-05,dengan_kontrol,574,distribusi,0.00012820312232170378,True
Jawa Tengah,Papua,14,0.0011944524119184127,dengan_kontrol,574,distribusi,0.002895642210711304,True
Jawa Timur,Papua,1,0.2873647995092132,dengan_kontrol,574,distribusi,0.3483209691020766,False
Jawa Timur,Papua,3,0.5170888742395675,dengan_kontrol,574,distribusi,0.5682295321313928,False
Jawa Timur,Papua,7,4.2466856581723e-05,dengan_kontrol,574,distribusi,0.0001490065143218351,True
Jawa Timur,Papua,14,3.665573112053405e-05,dengan_kontrol,574,distribusi,0.00013091332543047873,True
Nusa Tenggara Barat,Papua,1,0.8328055455222876,dengan_kontrol,574,distribusi,0.8454878634744036,False
Nusa Tenggara Barat,Papua,3,0.17500326332132615,dengan_kontrol,574,distribusi,0.22508458304993717,False
Nusa Tenggara Barat,Papua,7,0.4574914995955669,dengan_kontrol,574,distribusi,0.5198767040858715,False
Nusa Tenggara Barat,Papua,14,0.7669663889780435,dengan_kontrol,574,distribusi,0.7906869989464366,False
Sulawesi Selatan,Papua,1,0.2564739401704267,dengan_kontrol,574,distribusi,0.3137295904225403,False
Sulawesi Selatan,Papua,3,0.1676582216992609,dengan_kontrol,574,distribusi,0.21773795025878037,False
Sulawesi Selatan,Papua,7,0.024353912314161934,dengan_kontrol,574,distribusi,0.04110364947537879,True
Sulawesi Selatan,Papua,14,0.00622332505156458,dengan_kontrol,574,distribusi,0.01244665010312916,True
Jawa Timur,Papua Barat,1,0.3793875947694467,dengan_kontrol,574,distribusi,0.44598429214201946,False
Jawa Timur,Papua Barat,3,0.7075598135848084,dengan_kontrol,574,distribusi,0.7351270790491515,False
Jawa Timur,Papua Barat,7,0.018728250399514725,dengan_kontrol,574,distribusi,0.03271310113452354,True
Jawa Timur,Papua Barat,14,0.02279275204342309,dengan_kontrol,574,distribusi,0.03896196930499674,True
Sulawesi Selatan,Papua Barat,1,0.035475416636275216,dengan_kontrol,574,distribusi,0.05631018513694479,False
Sulawesi Selatan,Papua Barat,3,0.10242293145299726,dengan_kontrol,574,distribusi,0.1412730089006859,False
Sulawesi Selatan,Papua Barat,7,0.0009003153165209591,dengan_kontrol,574,distribusi,0.0022649441925055576,True
Sulawesi Selatan,Papua Barat,14,0.007242572948938313,dengan_kontrol,574,distribusi,0.014296877770000835,True
Jawa Tengah,Riau,1,0.07196817950562058,dengan_kontrol,574,distribusi,0.10515625718106156,False
Jawa Tengah,Riau,3,0.25001513108535545,dengan_kontrol,574,distribusi,0.3067670320065711,False
Jawa Tengah,Riau,7,0.31464286157170157,dengan_kontrol,574,distribusi,0.380233065343446,False
Jawa Tengah,Riau,14,0.3609039864247315,dengan_kontrol,574,distribusi,0.42837268418365754,False
Jawa Timur,Riau,1,0.5054530807407195,dengan_kontrol,574,distribusi,0.561614534156355,False
Jawa Timur,Riau,3,0.1768218961944517,dengan_kontrol,574,distribusi,0.22597047436990636,False
Jawa Timur,Riau,7,0.5568956160659118,dengan_kontrol,574,distribusi,0.6053213218107736,False
Jawa Timur,Riau,14,0.4652690447817789,dengan_kontrol,574,distribusi,0.5272170479113643,False
Sumatera Barat,Riau,1,0.0035277397480664953,dengan_kontrol,574,distribusi,0.007627545401224854,True
Sumatera Barat,Riau,3,0.009095127371797681,dengan_kontrol,574,distribusi,0.017160617682637134,True
Sumatera Barat,Riau,7,0.0001724923873809605,dengan_kontrol,574,distribusi,0.0005307458073260323,True
Sumatera Barat,Riau,14,5.955237601723639e-05,dengan_kontrol,574,distribusi,0.00020017605383945006,True
Sumatera Utara,Riau,1,1.4268419347454168e-05,dengan_kontrol,574,distribusi,5.4878535951746795e-05,True
Sumatera Utara,Riau,3,4.747340375363552e-08,dengan_kontrol,574,distribusi,3.520291307355808e-07,True
Sumatera Utara,Riau,7,7.32927585835213e-07,dengan_kontrol,574,distribusi,4.071819921306739e-06,True
Sumatera Utara,Riau,14,1.6614279481962252e-05,dengan_kontrol,574,distribusi,6.269539427155567e-05,True
Sulawesi Selatan,Sulawesi Barat,1,0.0018602883305894639,dengan_kontrol,574,distribusi,0.004301244695004541,True
Sulawesi Selatan,Sulawesi Barat,3,2.127556500530368e-07,dengan_kontrol,574,distribusi,1.2965489283917087e-06,True
Sulawesi Selatan,Sulawesi Barat,7,5.955532777904996e-07,dengan_kontrol,574,distribusi,3.3552297340309838e-06,True
Sulawesi Selatan,Sulawesi Barat,14,9.2706397894841e-06,dengan_kontrol,574,distribusi,3.8627665789517086e-05,True
Jawa Timur,Sulawesi Selatan,1,0.0014960880650534325,dengan_kontrol,574,distribusi,0.0035834444671938503,True
Jawa Timur,Sulawesi Selatan,3,0.00021402900424238085,dengan_kontrol,574,distribusi,0.0006485727401284268,True
Jawa Timur,Sulawesi Selatan,7,1.0500333322560023e-06,dengan_kontrol,574,distribusi,5.526491222400012e-06,True
Jawa Timur,Sulawesi Selatan,14,9.153388427775811e-08,dengan_kontrol,574,distribusi,6.423430475632148e-07,True
Nusa Tenggara Barat,Sulawesi Selatan,1,0.8397948145306263,dengan_kontrol,574,distribusi,0.8504251286386089,False
Nusa Tenggara Barat,Sulawesi Selatan,3,0.08508935273770005,dengan_kontrol,574,distribusi,0.1224307233635972,False
Nusa Tenggara Barat,Sulawesi Selatan,7,0.3896024242396019,dengan_kontrol,574,distribusi,0.4556753499878385,False
Nusa Tenggara Barat,Sulawesi Selatan,14,0.06762033313035044,dengan_kontrol,574,distribusi,0.09980860978649513,False
Nusa Tenggara Barat,Sulawesi Tengah,1,0.8009999180409252,dengan_kontrol,574,distribusi,0.8154689357125231,False
Nusa Tenggara Barat,Sulawesi Tengah,3,0.006195297270220044,dengan_kontrol,574,distribusi,0.01244665010312916,True
Nusa Tenggara Barat,Sulawesi Tengah,7,0.0178263539042406,dengan_kontrol,574,distribusi,0.031412077364300614,True
Nusa Tenggara Barat,Sulawesi Tengah,14,0.03121381210642866,dengan_kontrol,574,distribusi,0.05096132588804679,False
Sulawesi Selatan,Sulawesi Tengah,1,0.0011311638220346343,dengan_kontrol,574,distribusi,0.002775862139962293,True
Sulawesi Selatan,Sulawesi Tengah,3,0.0002629081197440238,dengan_kontrol,574,distribusi,0.000784800357444847,True
Sulawesi Selatan,Sulawesi Tengah,7,0.008019808150113545,dengan_kontrol,574,distribusi,0.015497213816644533,True
Sulawesi Selatan,Sulawesi Tengah,14,0.008648593579067995,dengan_kontrol,574,distribusi,0.016473511579177133,True
Sulawesi Utara,Sulawesi Tengah,1,0.20239563572250213,dengan_kontrol,574,distribusi,0.2545857053113234,False
Sulawesi Utara,Sulawesi Tengah,3,0.002979608329553628,dengan_kontrol,574,distribusi,0.006621351843452506,True
Sulawesi Utara,Sulawesi Tengah,7,0.012510424015633811,dengan_kontrol,574,distribusi,0.022746225482970565,True
Sulawesi Utara,Sulawesi Tengah,14,0.00029186581223986086,dengan_kontrol,574,distribusi,0.0008412816325447951,True
Gorontalo,Sulawesi Tenggara,1,0.21193618718809148,dengan_kontrol,574,distribusi,0.26492023398511433,False
Gorontalo,Sulawesi Tenggara,3,0.0001859460898896589,dengan_kontrol,574,distribusi,0.0005677743202737676,True
Gorontalo,Sulawesi Tenggara,7,3.20380227949273e-08,dengan_kontrol,574,distribusi,2.5645507534505574e-07,True
Gorontalo,Sulawesi Tenggara,14,1.4922994789057998e-07,dengan_kontrol,574,distribusi,9.47491732638603e-07,True
Sulawesi Selatan,Sulawesi Tenggara,1,0.008985530514360622,dengan_kontrol,574,distribusi,0.017034181069877957,True
Sulawesi Selatan,Sulawesi Tenggara,3,0.0005177117134016027,dengan_kontrol,574,distribusi,0.0013534946755597455,True
Sulawesi Selatan,Sulawesi Tenggara,7,0.0003409863117442886,dengan_kontrol,574,distribusi,0.000953807865018989,True
Sulawesi Selatan,Sulawesi Tenggara,14,0.0015117001535510039,dengan_kontrol,574,distribusi,0.0035992860798833427,True
Sulawesi Selatan,Sulawesi Utara,1,0.0423564130818126,dengan_kontrol,574,distribusi,0.06522036899250219,False
Sulawesi Selatan,Sulawesi Utara,3,0.09646279580874448,dengan_kontrol,574,distribusi,0.13444292098779717,False
Sulawesi Selatan,Sulawesi Utara,7,0.010718831587187106,dengan_kontrol,574,distribusi,0.01992052858851068,True
Sulawesi Selatan,Sulawesi Utara,14,0.023410248217155837,dengan_kontrol,574,distribusi,0.039847231007924824,True
Jambi,Sumatera Barat,1,5.348650041599524e-07,dengan_kontrol,574,distribusi,3.0563714523425853e-06,True
Jambi,Sumatera Barat,3,2.7692501552508856e-09,dengan_kontrol,574,distribusi,2.915000163421985e-08,True
Jambi,Sumatera Barat,7,9.683619395079375e-08,dengan_kontrol,574,distribusi,6.565165691579237e-07,True
Jambi,Sumatera Barat,14,2.4088142040438564e-07,dengan_kontrol,574,distribusi,1.4380980322649889e-06,True
Jawa Barat,Sumatera Barat,1,0.16461827122853806,dengan_kontrol,574,distribusi,0.21451079581631022,False
Jawa Barat,Sumatera Barat,3,0.0005282800946442966,dengan_kontrol,574,distribusi,0.001372156089985186,True
Jawa Barat,Sumatera Barat,7,0.006048349676216548,dengan_kontrol,574,distribusi,0.012280913048155427,True
Jawa Barat,Sumatera Barat,14,0.007476408841684232,dengan_kontrol,574,distribusi,0.014588114813042405,True
Jawa Tengah,Sumatera Barat,1,0.0004312871527582601,dengan_kontrol,574,distribusi,0.001173570483695946,True
Jawa Tengah,Sumatera Barat,3,0.008199219080141899,dengan_kontrol,574,distribusi,0.015767729000272884,True
Jawa Tengah,Sumatera Barat,7,0.005743347977928469,dengan_kontrol,574,distribusi,0.011721118322303,True
Jawa Tengah,Sumatera Barat,14,0.03480075009618804,dengan_kontrol,574,distribusi,0.055681200153900864,False
Sumatera Utara,Sumatera Barat,1,8.077838172824362e-06,dengan_kontrol,574,distribusi,3.4743389990642416e-05,True
Sumatera Utara,Sumatera Barat,3,0.0004717961524273798,dengan_kontrol,574,distribusi,0.0012581230731396795,True
Sumatera Utara,Sumatera Barat,7,0.0061516692225977625,dengan_kontrol,574,distribusi,0.01242761459110659,True
Sumatera Utara,Sumatera Barat,14,0.06386542319083202,dengan_kontrol,574,distribusi,0.09496717203097699,False
DI Yogyakarta,Sumatera Selatan,1,0.2433334453444743,dengan_kontrol,574,distribusi,0.29948731734704526,False
DI Yogyakarta,Sumatera Selatan,3,0.09081796503873184,dengan_kontrol,574,distribusi,0.12927824204801686,False
DI Yogyakarta,Sumatera Selatan,7,0.5143534503188876,dengan_kontrol,574,distribusi,0.5667806615084161,False
DI Yogyakarta,Sumatera Selatan,14,0.6219549940669081,dengan_kontrol,574,distribusi,0.6651925070234311,False
Jawa Tengah,Sumatera Selatan,1,0.00046917951873788236,dengan_kontrol,574,distribusi,0.0012581230731396795,True
Jawa Tengah,Sumatera Selatan,3,8.814198042804717e-05,dengan_kontrol,574,distribusi,0.0002889900997640891,True
Jawa Tengah,Sumatera Selatan,7,0.00027482520609652757,dengan_kontrol,574,distribusi,0.0008024093608657738,True
Jawa Tengah,Sumatera Selatan,14,0.0011810466125272599,dengan_kontrol,574,distribusi,0.0028806014939689265,True
Jawa Timur,Sumatera Selatan,1,0.0002953580311770202,dengan_kontrol,574,distribusi,0.0008438800890772006,True
Jawa Timur,Sumatera Selatan,3,0.00029234536730931627,dengan_kontrol,574,distribusi,0.0008412816325447951,True
Jawa Timur,Sumatera Selatan,7,0.0024964302019465042,dengan_kontrol,574,distribusi,0.005641650173890405,True
Jawa Timur,Sumatera Selatan,14,0.0002676787236037283,dengan_kontrol,574,distribusi,0.0007931221440110467,True
Lampung,Sumatera Selatan,1,0.007559082376371704,dengan_kontrol,574,distribusi,0.014677829857032434,True
Lampung,Sumatera Selatan,3,0.027831499903653814,dengan_kontrol,574,distribusi,0.04619336083593994,True
Lampung,Sumatera Selatan,7,0.08918980504108673,dengan_kontrol,574,distribusi,0.12741400720155246,False
Lampung,Sumatera Selatan,14,0.0018549561951730087,dengan_kontrol,574,distribusi,0.004301244695004541,True
Sumatera Barat,Sumatera Selatan,1,0.0007082538182076429,dengan_kontrol,574,distribusi,0.001793047641032007,True
Sumatera Barat,Sumatera Selatan,3,0.0004078424956554419,dengan_kontrol,574,distribusi,0.0011250827466357017,True
Sumatera Barat,Sumatera Selatan,7,0.005167793216072338,dengan_kontrol,574,distribusi,0.01071045226128982,True
Sumatera Barat,Sumatera Selatan,14,0.0022214864684940174,dengan_kontrol,574,distribusi,0.005048832882940948,True
Jawa Barat,Sumatera Utara,1,0.1558508115740997,dengan_kontrol,574,distribusi,0.20439450698242584,False
Jawa Barat,Sumatera Utara,3,0.09893536536856506,dengan_kontrol,574,distribusi,0.13693476175579938,False
Jawa Barat,Sumatera Utara,7,0.033431068575758144,dengan_kontrol,574,distribusi,0.053921078347997003,False
Jawa Barat,Sumatera Utara,14,0.19427550398823137,dengan_kontrol,574,distribusi,0.24669905268346842,False
Jawa Timur,Sumatera Utara,1,0.002159888528905065,dengan_kontrol,574,distribusi,0.00493688806606872,True
Jawa Timur,Sumatera Utara,3,0.035394862083148175,dengan_kontrol,574,distribusi,0.05631018513694479,False
Jawa Timur,Sumatera Utara,7,0.04405571413078208,dengan_kontrol,574,distribusi,0.06751833583261622,False
Jawa Timur,Sumatera Utara,14,0.23814362966325373,dengan_kontrol,574,distribusi,0.29583059585497357,False
Riau,Sumatera Utara,1,4.752393264930341e-08,dengan_kontrol,574,distribusi,3.520291307355808e-07,True
Riau,Sumatera Utara,3,0.00011634605558661138,dengan_kontrol,574,distribusi,0.00037230737787715643,True
Riau,Sumatera Utara,7,9.513626390313127e-07,dengan_kontrol,574,distribusi,5.1425007515206095e-06,True
Riau,Sumatera Utara,14,8.66611532791394e-06,dengan_kontrol,574,distribusi,3.6488906643848167e-05,True
Sumatera Barat,Sumatera Utara,1,4.175911689780887e-05,dengan_kontrol,574,distribusi,0.0001478198828241022,True
Sumatera Barat,Sumatera Utara,3,4.353496639836009e-05,dengan_kontrol,574,distribusi,0.0001501205737874486,True
Sumatera Barat,Sumatera Utara,7,1.95706278114466e-06,dengan_kontrol,574,distribusi,9.50425547364168e-06,True
Sumatera Barat,Sumatera Utara,14,2.9406658195398843e-06,dengan_kontrol,574,distribusi,1.3677515439720392e-05,True
